--
-- PostgreSQL database dump
--

-- Dumped from database version 12.16 (Ubuntu 12.16-0ubuntu0.20.04.1)
-- Dumped by pg_dump version 12.16 (Ubuntu 12.16-0ubuntu0.20.04.1)

SET statement_timeout = 0;
SET lock_timeout = 0;
SET idle_in_transaction_session_timeout = 0;
SET client_encoding = 'UTF8';
SET standard_conforming_strings = on;
SELECT pg_catalog.set_config('search_path', '', false);
SET check_function_bodies = false;
SET xmloption = content;
SET client_min_messages = warning;
SET row_security = off;

SET default_tablespace = '';

SET default_table_access_method = heap;

--
-- Name: CandidateDirectory; Type: TABLE; Schema: public; Owner: admin
--

CREATE TABLE public."CandidateDirectory" (
    id bigint NOT NULL,
    recruiter_alert character varying(50),
    first_name character varying(255),
    last_name character varying(255),
    email character varying(50),
    role integer,
    dob date,
    contact_no_primary numeric(10,0),
    contact_no_alternate numeric(10,0),
    referred_by_other character varying(250),
    address_line character varying(255),
    pincode numeric(6,0),
    education_specialization_other text,
    education_institution_other text,
    years_of_experience numeric(4,2),
    current_employer character varying(100),
    current_designation text,
    current_monthly_salary integer,
    expected_monthly_salary integer,
    notice_period character varying(50),
    photo_path text,
    resume_path text,
    login_time timestamp with time zone,
    logout_time timestamp with time zone,
    ip_address character varying(15),
    geo_location character varying(50),
    created_date timestamp with time zone,
    created_by integer,
    modified_date timestamp with time zone,
    modified_by integer,
    status integer NOT NULL,
    city bigint,
    education_institution bigint,
    education_level bigint,
    education_qualification bigint,
    education_specialization bigint,
    event bigint,
    experience_level bigint,
    gender bigint,
    job_position bigint,
    marital_status bigint,
    persona bigint,
    reason_for_change bigint,
    referred_by bigint,
    screening_mode bigint,
    source bigint,
    source_type bigint
);


ALTER TABLE public."CandidateDirectory" OWNER TO admin;

--
-- Name: CandidateDirectory_id_seq; Type: SEQUENCE; Schema: public; Owner: admin
--

ALTER TABLE public."CandidateDirectory" ALTER COLUMN id ADD GENERATED BY DEFAULT AS IDENTITY (
    SEQUENCE NAME public."CandidateDirectory_id_seq"
    START WITH 1
    INCREMENT BY 1
    NO MINVALUE
    NO MAXVALUE
    CACHE 1
);


--
-- Name: auth_group; Type: TABLE; Schema: public; Owner: admin
--

CREATE TABLE public.auth_group (
    id integer NOT NULL,
    name character varying(150) NOT NULL
);


ALTER TABLE public.auth_group OWNER TO admin;

--
-- Name: auth_group_id_seq; Type: SEQUENCE; Schema: public; Owner: admin
--

ALTER TABLE public.auth_group ALTER COLUMN id ADD GENERATED BY DEFAULT AS IDENTITY (
    SEQUENCE NAME public.auth_group_id_seq
    START WITH 1
    INCREMENT BY 1
    NO MINVALUE
    NO MAXVALUE
    CACHE 1
);


--
-- Name: auth_group_permissions; Type: TABLE; Schema: public; Owner: admin
--

CREATE TABLE public.auth_group_permissions (
    id bigint NOT NULL,
    group_id integer NOT NULL,
    permission_id integer NOT NULL
);


ALTER TABLE public.auth_group_permissions OWNER TO admin;

--
-- Name: auth_group_permissions_id_seq; Type: SEQUENCE; Schema: public; Owner: admin
--

ALTER TABLE public.auth_group_permissions ALTER COLUMN id ADD GENERATED BY DEFAULT AS IDENTITY (
    SEQUENCE NAME public.auth_group_permissions_id_seq
    START WITH 1
    INCREMENT BY 1
    NO MINVALUE
    NO MAXVALUE
    CACHE 1
);


--
-- Name: auth_permission; Type: TABLE; Schema: public; Owner: admin
--

CREATE TABLE public.auth_permission (
    id integer NOT NULL,
    name character varying(255) NOT NULL,
    content_type_id integer NOT NULL,
    codename character varying(100) NOT NULL
);


ALTER TABLE public.auth_permission OWNER TO admin;

--
-- Name: auth_permission_id_seq; Type: SEQUENCE; Schema: public; Owner: admin
--

ALTER TABLE public.auth_permission ALTER COLUMN id ADD GENERATED BY DEFAULT AS IDENTITY (
    SEQUENCE NAME public.auth_permission_id_seq
    START WITH 1
    INCREMENT BY 1
    NO MINVALUE
    NO MAXVALUE
    CACHE 1
);


--
-- Name: auth_user; Type: TABLE; Schema: public; Owner: admin
--

CREATE TABLE public.auth_user (
    id integer NOT NULL,
    password character varying(128) NOT NULL,
    last_login timestamp with time zone,
    is_superuser boolean NOT NULL,
    username character varying(150) NOT NULL,
    first_name character varying(150) NOT NULL,
    last_name character varying(150) NOT NULL,
    email character varying(254) NOT NULL,
    is_staff boolean NOT NULL,
    is_active boolean NOT NULL,
    date_joined timestamp with time zone NOT NULL
);


ALTER TABLE public.auth_user OWNER TO admin;

--
-- Name: auth_user_groups; Type: TABLE; Schema: public; Owner: admin
--

CREATE TABLE public.auth_user_groups (
    id bigint NOT NULL,
    user_id integer NOT NULL,
    group_id integer NOT NULL
);


ALTER TABLE public.auth_user_groups OWNER TO admin;

--
-- Name: auth_user_groups_id_seq; Type: SEQUENCE; Schema: public; Owner: admin
--

ALTER TABLE public.auth_user_groups ALTER COLUMN id ADD GENERATED BY DEFAULT AS IDENTITY (
    SEQUENCE NAME public.auth_user_groups_id_seq
    START WITH 1
    INCREMENT BY 1
    NO MINVALUE
    NO MAXVALUE
    CACHE 1
);


--
-- Name: auth_user_id_seq; Type: SEQUENCE; Schema: public; Owner: admin
--

ALTER TABLE public.auth_user ALTER COLUMN id ADD GENERATED BY DEFAULT AS IDENTITY (
    SEQUENCE NAME public.auth_user_id_seq
    START WITH 1
    INCREMENT BY 1
    NO MINVALUE
    NO MAXVALUE
    CACHE 1
);


--
-- Name: auth_user_user_permissions; Type: TABLE; Schema: public; Owner: admin
--

CREATE TABLE public.auth_user_user_permissions (
    id bigint NOT NULL,
    user_id integer NOT NULL,
    permission_id integer NOT NULL
);


ALTER TABLE public.auth_user_user_permissions OWNER TO admin;

--
-- Name: auth_user_user_permissions_id_seq; Type: SEQUENCE; Schema: public; Owner: admin
--

ALTER TABLE public.auth_user_user_permissions ALTER COLUMN id ADD GENERATED BY DEFAULT AS IDENTITY (
    SEQUENCE NAME public.auth_user_user_permissions_id_seq
    START WITH 1
    INCREMENT BY 1
    NO MINVALUE
    NO MAXVALUE
    CACHE 1
);


--
-- Name: city; Type: TABLE; Schema: public; Owner: admin
--

CREATE TABLE public.city (
    id bigint NOT NULL,
    name character varying(255)
);


ALTER TABLE public.city OWNER TO admin;

--
-- Name: city_id_seq; Type: SEQUENCE; Schema: public; Owner: admin
--

ALTER TABLE public.city ALTER COLUMN id ADD GENERATED BY DEFAULT AS IDENTITY (
    SEQUENCE NAME public.city_id_seq
    START WITH 1
    INCREMENT BY 1
    NO MINVALUE
    NO MAXVALUE
    CACHE 1
);


--
-- Name: django_admin_log; Type: TABLE; Schema: public; Owner: admin
--

CREATE TABLE public.django_admin_log (
    id integer NOT NULL,
    action_time timestamp with time zone NOT NULL,
    object_id text,
    object_repr character varying(200) NOT NULL,
    action_flag smallint NOT NULL,
    change_message text NOT NULL,
    content_type_id integer,
    user_id integer NOT NULL,
    CONSTRAINT django_admin_log_action_flag_check CHECK ((action_flag >= 0))
);


ALTER TABLE public.django_admin_log OWNER TO admin;

--
-- Name: django_admin_log_id_seq; Type: SEQUENCE; Schema: public; Owner: admin
--

ALTER TABLE public.django_admin_log ALTER COLUMN id ADD GENERATED BY DEFAULT AS IDENTITY (
    SEQUENCE NAME public.django_admin_log_id_seq
    START WITH 1
    INCREMENT BY 1
    NO MINVALUE
    NO MAXVALUE
    CACHE 1
);


--
-- Name: django_content_type; Type: TABLE; Schema: public; Owner: admin
--

CREATE TABLE public.django_content_type (
    id integer NOT NULL,
    app_label character varying(100) NOT NULL,
    model character varying(100) NOT NULL
);


ALTER TABLE public.django_content_type OWNER TO admin;

--
-- Name: django_content_type_id_seq; Type: SEQUENCE; Schema: public; Owner: admin
--

ALTER TABLE public.django_content_type ALTER COLUMN id ADD GENERATED BY DEFAULT AS IDENTITY (
    SEQUENCE NAME public.django_content_type_id_seq
    START WITH 1
    INCREMENT BY 1
    NO MINVALUE
    NO MAXVALUE
    CACHE 1
);


--
-- Name: django_migrations; Type: TABLE; Schema: public; Owner: admin
--

CREATE TABLE public.django_migrations (
    id bigint NOT NULL,
    app character varying(255) NOT NULL,
    name character varying(255) NOT NULL,
    applied timestamp with time zone NOT NULL
);


ALTER TABLE public.django_migrations OWNER TO admin;

--
-- Name: django_migrations_id_seq; Type: SEQUENCE; Schema: public; Owner: admin
--

ALTER TABLE public.django_migrations ALTER COLUMN id ADD GENERATED BY DEFAULT AS IDENTITY (
    SEQUENCE NAME public.django_migrations_id_seq
    START WITH 1
    INCREMENT BY 1
    NO MINVALUE
    NO MAXVALUE
    CACHE 1
);


--
-- Name: django_session; Type: TABLE; Schema: public; Owner: admin
--

CREATE TABLE public.django_session (
    session_key character varying(40) NOT NULL,
    session_data text NOT NULL,
    expire_date timestamp with time zone NOT NULL
);


ALTER TABLE public.django_session OWNER TO admin;

--
-- Name: education_institution; Type: TABLE; Schema: public; Owner: admin
--

CREATE TABLE public.education_institution (
    id bigint NOT NULL,
    name character varying(255),
    place text
);


ALTER TABLE public.education_institution OWNER TO admin;

--
-- Name: education_institution_id_seq; Type: SEQUENCE; Schema: public; Owner: admin
--

ALTER TABLE public.education_institution ALTER COLUMN id ADD GENERATED BY DEFAULT AS IDENTITY (
    SEQUENCE NAME public.education_institution_id_seq
    START WITH 1
    INCREMENT BY 1
    NO MINVALUE
    NO MAXVALUE
    CACHE 1
);


--
-- Name: education_level; Type: TABLE; Schema: public; Owner: admin
--

CREATE TABLE public.education_level (
    id bigint NOT NULL,
    name character varying(255)
);


ALTER TABLE public.education_level OWNER TO admin;

--
-- Name: education_level_id_seq; Type: SEQUENCE; Schema: public; Owner: admin
--

ALTER TABLE public.education_level ALTER COLUMN id ADD GENERATED BY DEFAULT AS IDENTITY (
    SEQUENCE NAME public.education_level_id_seq
    START WITH 1
    INCREMENT BY 1
    NO MINVALUE
    NO MAXVALUE
    CACHE 1
);


--
-- Name: education_qualification; Type: TABLE; Schema: public; Owner: admin
--

CREATE TABLE public.education_qualification (
    id bigint NOT NULL,
    name character varying(255)
);


ALTER TABLE public.education_qualification OWNER TO admin;

--
-- Name: education_qualification_id_seq; Type: SEQUENCE; Schema: public; Owner: admin
--

ALTER TABLE public.education_qualification ALTER COLUMN id ADD GENERATED BY DEFAULT AS IDENTITY (
    SEQUENCE NAME public.education_qualification_id_seq
    START WITH 1
    INCREMENT BY 1
    NO MINVALUE
    NO MAXVALUE
    CACHE 1
);


--
-- Name: education_specialization; Type: TABLE; Schema: public; Owner: admin
--

CREATE TABLE public.education_specialization (
    id bigint NOT NULL,
    name character varying(255)
);


ALTER TABLE public.education_specialization OWNER TO admin;

--
-- Name: education_specialization_id_seq; Type: SEQUENCE; Schema: public; Owner: admin
--

ALTER TABLE public.education_specialization ALTER COLUMN id ADD GENERATED BY DEFAULT AS IDENTITY (
    SEQUENCE NAME public.education_specialization_id_seq
    START WITH 1
    INCREMENT BY 1
    NO MINVALUE
    NO MAXVALUE
    CACHE 1
);


--
-- Name: employee_directory; Type: TABLE; Schema: public; Owner: admin
--

CREATE TABLE public.employee_directory (
    id bigint NOT NULL,
    name character varying(255),
    created_date timestamp with time zone,
    employee_name character varying(255)
);


ALTER TABLE public.employee_directory OWNER TO admin;

--
-- Name: employee_directory_id_seq; Type: SEQUENCE; Schema: public; Owner: admin
--

ALTER TABLE public.employee_directory ALTER COLUMN id ADD GENERATED BY DEFAULT AS IDENTITY (
    SEQUENCE NAME public.employee_directory_id_seq
    START WITH 1
    INCREMENT BY 1
    NO MINVALUE
    NO MAXVALUE
    CACHE 1
);


--
-- Name: event_details; Type: TABLE; Schema: public; Owner: admin
--

CREATE TABLE public.event_details (
    id bigint NOT NULL,
    name character varying(255),
    created_date timestamp with time zone
);


ALTER TABLE public.event_details OWNER TO admin;

--
-- Name: event_details_id_seq; Type: SEQUENCE; Schema: public; Owner: admin
--

ALTER TABLE public.event_details ALTER COLUMN id ADD GENERATED BY DEFAULT AS IDENTITY (
    SEQUENCE NAME public.event_details_id_seq
    START WITH 1
    INCREMENT BY 1
    NO MINVALUE
    NO MAXVALUE
    CACHE 1
);


--
-- Name: experience_level; Type: TABLE; Schema: public; Owner: admin
--

CREATE TABLE public.experience_level (
    id bigint NOT NULL,
    name character varying(255)
);


ALTER TABLE public.experience_level OWNER TO admin;

--
-- Name: experience_level_id_seq; Type: SEQUENCE; Schema: public; Owner: admin
--

ALTER TABLE public.experience_level ALTER COLUMN id ADD GENERATED BY DEFAULT AS IDENTITY (
    SEQUENCE NAME public.experience_level_id_seq
    START WITH 1
    INCREMENT BY 1
    NO MINVALUE
    NO MAXVALUE
    CACHE 1
);


--
-- Name: gender; Type: TABLE; Schema: public; Owner: admin
--

CREATE TABLE public.gender (
    id bigint NOT NULL,
    name character varying(255)
);


ALTER TABLE public.gender OWNER TO admin;

--
-- Name: gender_id_seq; Type: SEQUENCE; Schema: public; Owner: admin
--

ALTER TABLE public.gender ALTER COLUMN id ADD GENERATED BY DEFAULT AS IDENTITY (
    SEQUENCE NAME public.gender_id_seq
    START WITH 1
    INCREMENT BY 1
    NO MINVALUE
    NO MAXVALUE
    CACHE 1
);


--
-- Name: job_requisition; Type: TABLE; Schema: public; Owner: admin
--

CREATE TABLE public.job_requisition (
    id bigint NOT NULL,
    name character varying(255),
    created_date timestamp with time zone,
    status integer NOT NULL
);


ALTER TABLE public.job_requisition OWNER TO admin;

--
-- Name: job_requisition_id_seq; Type: SEQUENCE; Schema: public; Owner: admin
--

ALTER TABLE public.job_requisition ALTER COLUMN id ADD GENERATED BY DEFAULT AS IDENTITY (
    SEQUENCE NAME public.job_requisition_id_seq
    START WITH 1
    INCREMENT BY 1
    NO MINVALUE
    NO MAXVALUE
    CACHE 1
);


--
-- Name: marital_status; Type: TABLE; Schema: public; Owner: admin
--

CREATE TABLE public.marital_status (
    id bigint NOT NULL,
    name character varying(255)
);


ALTER TABLE public.marital_status OWNER TO admin;

--
-- Name: marital_status_id_seq; Type: SEQUENCE; Schema: public; Owner: admin
--

ALTER TABLE public.marital_status ALTER COLUMN id ADD GENERATED BY DEFAULT AS IDENTITY (
    SEQUENCE NAME public.marital_status_id_seq
    START WITH 1
    INCREMENT BY 1
    NO MINVALUE
    NO MAXVALUE
    CACHE 1
);


--
-- Name: persona; Type: TABLE; Schema: public; Owner: admin
--

CREATE TABLE public.persona (
    id bigint NOT NULL,
    name character varying(255),
    created_date timestamp with time zone,
    status integer NOT NULL,
    json_deatils jsonb NOT NULL
);


ALTER TABLE public.persona OWNER TO admin;

--
-- Name: persona_id_seq; Type: SEQUENCE; Schema: public; Owner: admin
--

ALTER TABLE public.persona ALTER COLUMN id ADD GENERATED BY DEFAULT AS IDENTITY (
    SEQUENCE NAME public.persona_id_seq
    START WITH 1
    INCREMENT BY 1
    NO MINVALUE
    NO MAXVALUE
    CACHE 1
);


--
-- Name: reason_for_change; Type: TABLE; Schema: public; Owner: admin
--

CREATE TABLE public.reason_for_change (
    id bigint NOT NULL,
    reason character varying(255)
);


ALTER TABLE public.reason_for_change OWNER TO admin;

--
-- Name: reason_for_change_id_seq; Type: SEQUENCE; Schema: public; Owner: admin
--

ALTER TABLE public.reason_for_change ALTER COLUMN id ADD GENERATED BY DEFAULT AS IDENTITY (
    SEQUENCE NAME public.reason_for_change_id_seq
    START WITH 1
    INCREMENT BY 1
    NO MINVALUE
    NO MAXVALUE
    CACHE 1
);


--
-- Name: screening_mode; Type: TABLE; Schema: public; Owner: admin
--

CREATE TABLE public.screening_mode (
    id bigint NOT NULL,
    name character varying(255),
    created_date timestamp with time zone,
    status integer NOT NULL
);


ALTER TABLE public.screening_mode OWNER TO admin;

--
-- Name: screening_mode_id_seq; Type: SEQUENCE; Schema: public; Owner: admin
--

ALTER TABLE public.screening_mode ALTER COLUMN id ADD GENERATED BY DEFAULT AS IDENTITY (
    SEQUENCE NAME public.screening_mode_id_seq
    START WITH 1
    INCREMENT BY 1
    NO MINVALUE
    NO MAXVALUE
    CACHE 1
);


--
-- Name: source; Type: TABLE; Schema: public; Owner: admin
--

CREATE TABLE public.source (
    id bigint NOT NULL,
    name character varying(255),
    source_type bigint
);


ALTER TABLE public.source OWNER TO admin;

--
-- Name: source_id_seq; Type: SEQUENCE; Schema: public; Owner: admin
--

ALTER TABLE public.source ALTER COLUMN id ADD GENERATED BY DEFAULT AS IDENTITY (
    SEQUENCE NAME public.source_id_seq
    START WITH 1
    INCREMENT BY 1
    NO MINVALUE
    NO MAXVALUE
    CACHE 1
);


--
-- Name: source_type; Type: TABLE; Schema: public; Owner: admin
--

CREATE TABLE public.source_type (
    id bigint NOT NULL,
    name character varying(255)
);


ALTER TABLE public.source_type OWNER TO admin;

--
-- Name: source_type_id_seq; Type: SEQUENCE; Schema: public; Owner: admin
--

ALTER TABLE public.source_type ALTER COLUMN id ADD GENERATED BY DEFAULT AS IDENTITY (
    SEQUENCE NAME public.source_type_id_seq
    START WITH 1
    INCREMENT BY 1
    NO MINVALUE
    NO MAXVALUE
    CACHE 1
);


--
-- Data for Name: CandidateDirectory; Type: TABLE DATA; Schema: public; Owner: admin
--

COPY public."CandidateDirectory" (id, recruiter_alert, first_name, last_name, email, role, dob, contact_no_primary, contact_no_alternate, referred_by_other, address_line, pincode, education_specialization_other, education_institution_other, years_of_experience, current_employer, current_designation, current_monthly_salary, expected_monthly_salary, notice_period, photo_path, resume_path, login_time, logout_time, ip_address, geo_location, created_date, created_by, modified_date, modified_by, status, city, education_institution, education_level, education_qualification, education_specialization, event, experience_level, gender, job_position, marital_status, persona, reason_for_change, referred_by, screening_mode, source, source_type) FROM stdin;
20	TEST	Vaishak	A	vaishak	\N	2023-11-17	9995259369	7012925871	\N	ABC	670011	\N	\N	2.00	TDX	Developer	420000	60000	21	\N	\N	2023-11-06 23:30:53.350954+05:30	2023-11-06 23:30:53.350956+05:30	\N	\N	2023-11-06 23:30:53.350956+05:30	\N	2023-11-06 23:31:21.883696+05:30	\N	1	\N	2	\N	2	3	2	1	1	2	2	2	2	\N	2	2	2
21	alert	George	K	ki@g.com	\N	2023-11-06	7510830330	7777777777	\N	address	686502	\N	\N	2.00	tdx	se	4	6	0	\N	\N	2023-11-06 23:51:45.487804+05:30	2023-11-06 23:51:45.487806+05:30	\N	\N	2023-11-06 23:51:45.487806+05:30	\N	\N	\N	1	\N	3	\N	3	2	2	3	1	3	2	2	2	\N	4	3	2
22	ttttt	Calestine	S	v@g.com	\N	2023-11-06	9874560123	9632587410	\N	addd	686502	\N	\N	3.00	google	dev	7	10	10	\N	\N	2023-11-06 23:54:41.177196+05:30	2023-11-06 23:54:41.177199+05:30	\N	\N	2023-11-06 23:54:41.177199+05:30	\N	\N	\N	1	\N	1	\N	3	3	2	3	1	4	2	20	2	\N	4	1	2
\.


--
-- Data for Name: auth_group; Type: TABLE DATA; Schema: public; Owner: admin
--

COPY public.auth_group (id, name) FROM stdin;
\.


--
-- Data for Name: auth_group_permissions; Type: TABLE DATA; Schema: public; Owner: admin
--

COPY public.auth_group_permissions (id, group_id, permission_id) FROM stdin;
\.


--
-- Data for Name: auth_permission; Type: TABLE DATA; Schema: public; Owner: admin
--

COPY public.auth_permission (id, name, content_type_id, codename) FROM stdin;
1	Can add log entry	1	add_logentry
2	Can change log entry	1	change_logentry
3	Can delete log entry	1	delete_logentry
4	Can view log entry	1	view_logentry
5	Can add permission	2	add_permission
6	Can change permission	2	change_permission
7	Can delete permission	2	delete_permission
8	Can view permission	2	view_permission
9	Can add group	3	add_group
10	Can change group	3	change_group
11	Can delete group	3	delete_group
12	Can view group	3	view_group
13	Can add user	4	add_user
14	Can change user	4	change_user
15	Can delete user	4	delete_user
16	Can view user	4	view_user
17	Can add content type	5	add_contenttype
18	Can change content type	5	change_contenttype
19	Can delete content type	5	delete_contenttype
20	Can view content type	5	view_contenttype
21	Can add session	6	add_session
22	Can change session	6	change_session
23	Can delete session	6	delete_session
24	Can view session	6	view_session
25	Can add city	7	add_city
26	Can change city	7	change_city
27	Can delete city	7	delete_city
28	Can view city	7	view_city
29	Can add education institution	8	add_educationinstitution
30	Can change education institution	8	change_educationinstitution
31	Can delete education institution	8	delete_educationinstitution
32	Can view education institution	8	view_educationinstitution
33	Can add educationlevel	9	add_educationlevel
34	Can change educationlevel	9	change_educationlevel
35	Can delete educationlevel	9	delete_educationlevel
36	Can view educationlevel	9	view_educationlevel
37	Can add educationqualification	10	add_educationqualification
38	Can change educationqualification	10	change_educationqualification
39	Can delete educationqualification	10	delete_educationqualification
40	Can view educationqualification	10	view_educationqualification
41	Can add educationspecialization	11	add_educationspecialization
42	Can change educationspecialization	11	change_educationspecialization
43	Can delete educationspecialization	11	delete_educationspecialization
44	Can view educationspecialization	11	view_educationspecialization
45	Can add employeedirectory	12	add_employeedirectory
46	Can change employeedirectory	12	change_employeedirectory
47	Can delete employeedirectory	12	delete_employeedirectory
48	Can view employeedirectory	12	view_employeedirectory
49	Can add eventdetails	13	add_eventdetails
50	Can change eventdetails	13	change_eventdetails
51	Can delete eventdetails	13	delete_eventdetails
52	Can view eventdetails	13	view_eventdetails
53	Can add experiencelevel	14	add_experiencelevel
54	Can change experiencelevel	14	change_experiencelevel
55	Can delete experiencelevel	14	delete_experiencelevel
56	Can view experiencelevel	14	view_experiencelevel
57	Can add gender	15	add_gender
58	Can change gender	15	change_gender
59	Can delete gender	15	delete_gender
60	Can view gender	15	view_gender
61	Can add jobrequisition	16	add_jobrequisition
62	Can change jobrequisition	16	change_jobrequisition
63	Can delete jobrequisition	16	delete_jobrequisition
64	Can view jobrequisition	16	view_jobrequisition
65	Can add maritalstatus	17	add_maritalstatus
66	Can change maritalstatus	17	change_maritalstatus
67	Can delete maritalstatus	17	delete_maritalstatus
68	Can view maritalstatus	17	view_maritalstatus
69	Can add persona	18	add_persona
70	Can change persona	18	change_persona
71	Can delete persona	18	delete_persona
72	Can view persona	18	view_persona
73	Can add reasonforchange	19	add_reasonforchange
74	Can change reasonforchange	19	change_reasonforchange
75	Can delete reasonforchange	19	delete_reasonforchange
76	Can view reasonforchange	19	view_reasonforchange
77	Can add screeningmode	20	add_screeningmode
78	Can change screeningmode	20	change_screeningmode
79	Can delete screeningmode	20	delete_screeningmode
80	Can view screeningmode	20	view_screeningmode
81	Can add sourcetype	21	add_sourcetype
82	Can change sourcetype	21	change_sourcetype
83	Can delete sourcetype	21	delete_sourcetype
84	Can view sourcetype	21	view_sourcetype
85	Can add source	22	add_source
86	Can change source	22	change_source
87	Can delete source	22	delete_source
88	Can view source	22	view_source
89	Can add candidatedirectory	23	add_candidatedirectory
90	Can change candidatedirectory	23	change_candidatedirectory
91	Can delete candidatedirectory	23	delete_candidatedirectory
92	Can view candidatedirectory	23	view_candidatedirectory
\.


--
-- Data for Name: auth_user; Type: TABLE DATA; Schema: public; Owner: admin
--

COPY public.auth_user (id, password, last_login, is_superuser, username, first_name, last_name, email, is_staff, is_active, date_joined) FROM stdin;
1	pbkdf2_sha256$600000$vyfXdNscc7uRH2WAu5u060$CLR26Uf6uIGYnEuBx0LZOKLAA1GdZn4FXG46NtteTi4=	2023-07-11 08:25:22.937082+05:30	t	admin			admin@123.com	t	t	2023-07-11 00:58:33.861564+05:30
\.


--
-- Data for Name: auth_user_groups; Type: TABLE DATA; Schema: public; Owner: admin
--

COPY public.auth_user_groups (id, user_id, group_id) FROM stdin;
\.


--
-- Data for Name: auth_user_user_permissions; Type: TABLE DATA; Schema: public; Owner: admin
--

COPY public.auth_user_user_permissions (id, user_id, permission_id) FROM stdin;
\.


--
-- Data for Name: city; Type: TABLE DATA; Schema: public; Owner: admin
--

COPY public.city (id, name) FROM stdin;
\.


--
-- Data for Name: django_admin_log; Type: TABLE DATA; Schema: public; Owner: admin
--

COPY public.django_admin_log (id, action_time, object_id, object_repr, action_flag, change_message, content_type_id, user_id) FROM stdin;
\.


--
-- Data for Name: django_content_type; Type: TABLE DATA; Schema: public; Owner: admin
--

COPY public.django_content_type (id, app_label, model) FROM stdin;
1	admin	logentry
2	auth	permission
3	auth	group
4	auth	user
5	contenttypes	contenttype
6	sessions	session
7	candidate	city
8	candidate	educationinstitution
9	candidate	educationlevel
10	candidate	educationqualification
11	candidate	educationspecialization
12	candidate	employeedirectory
13	candidate	eventdetails
14	candidate	experiencelevel
15	candidate	gender
16	candidate	jobrequisition
17	candidate	maritalstatus
18	candidate	persona
19	candidate	reasonforchange
20	candidate	screeningmode
21	candidate	sourcetype
22	candidate	source
23	candidate	candidatedirectory
\.


--
-- Data for Name: django_migrations; Type: TABLE DATA; Schema: public; Owner: admin
--

COPY public.django_migrations (id, app, name, applied) FROM stdin;
1	candidate	0001_initial	2023-07-10 22:30:53.40333+05:30
2	contenttypes	0001_initial	2023-07-10 22:31:37.311067+05:30
3	auth	0001_initial	2023-07-10 22:31:38.835716+05:30
4	admin	0001_initial	2023-07-10 22:31:39.283245+05:30
5	admin	0002_logentry_remove_auto_add	2023-07-10 22:31:39.358477+05:30
6	admin	0003_logentry_add_action_flag_choices	2023-07-10 22:31:39.408642+05:30
7	contenttypes	0002_remove_content_type_name	2023-07-10 22:31:39.479285+05:30
8	auth	0002_alter_permission_name_max_length	2023-07-10 22:31:39.516489+05:30
9	auth	0003_alter_user_email_max_length	2023-07-10 22:31:39.555658+05:30
10	auth	0004_alter_user_username_opts	2023-07-10 22:31:39.588716+05:30
11	auth	0005_alter_user_last_login_null	2023-07-10 22:31:39.640592+05:30
12	auth	0006_require_contenttypes_0002	2023-07-10 22:31:39.674371+05:30
13	auth	0007_alter_validators_add_error_messages	2023-07-10 22:31:39.717402+05:30
14	auth	0008_alter_user_username_max_length	2023-07-10 22:31:39.842989+05:30
15	auth	0009_alter_user_last_name_max_length	2023-07-10 22:31:39.901488+05:30
16	auth	0010_alter_group_name_max_length	2023-07-10 22:31:39.949756+05:30
17	auth	0011_update_proxy_permissions	2023-07-10 22:31:40.008033+05:30
18	auth	0012_alter_user_first_name_max_length	2023-07-10 22:31:40.044811+05:30
19	sessions	0001_initial	2023-07-10 22:31:40.307394+05:30
20	candidate	0002_remove_employeedirectory_contact_no_primary_and_more	2023-07-11 01:56:18.502132+05:30
\.


--
-- Data for Name: django_session; Type: TABLE DATA; Schema: public; Owner: admin
--

COPY public.django_session (session_key, session_data, expire_date) FROM stdin;
ceh1m1e6cxni111dajdwb84queqwbvti	.eJxVjEEOwiAUBe_C2hCgouDSvWcgn89DqgaS0q6Md7dNutDtm3nzFoGWuYSlYwpjEhehxeF3i8RP1A2kB9V7k9zqPI1RborcaZe3lvC67u5foFAv6xvKDYDO3gHRZM6UyCnLwGCPPhoopBMxfLaaB-WZMvKaTzgbrZjF5wsv6zo6:1qIwYz:oB-H6v0hkG35XbcmYzORS_KdLFcjzs5LsMFpb_fC-Js	2023-07-25 00:58:49.841397+05:30
swtkhypts4gfuz0hr9k98ch9o4va5j3j	.eJxVjEEOwiAUBe_C2hCgouDSvWcgn89DqgaS0q6Md7dNutDtm3nzFoGWuYSlYwpjEhehxeF3i8RP1A2kB9V7k9zqPI1RborcaZe3lvC67u5foFAv6xvKDYDO3gHRZM6UyCnLwGCPPhoopBMxfLaaB-WZMvKaTzgbrZjF5wsv6zo6:1qJ3X9:qZDcpgEJKWdWZpBooY5agsFiXgVPgpKEm3XIk5zytr0	2023-07-25 08:25:23.122928+05:30
\.


--
-- Data for Name: education_institution; Type: TABLE DATA; Schema: public; Owner: admin
--

COPY public.education_institution (id, name, place) FROM stdin;
1	GISAT	kottayam
2	RIT	kottayam
3	OTHER	
\.


--
-- Data for Name: education_level; Type: TABLE DATA; Schema: public; Owner: admin
--

COPY public.education_level (id, name) FROM stdin;
1	Graduate
2	Post Graduate
\.


--
-- Data for Name: education_qualification; Type: TABLE DATA; Schema: public; Owner: admin
--

COPY public.education_qualification (id, name) FROM stdin;
1	SSLC
2	+2
3	Bachelors
4	Masters
\.


--
-- Data for Name: education_specialization; Type: TABLE DATA; Schema: public; Owner: admin
--

COPY public.education_specialization (id, name) FROM stdin;
1	BSC
2	BTech
3	BCA
4	MSC
\.


--
-- Data for Name: employee_directory; Type: TABLE DATA; Schema: public; Owner: admin
--

COPY public.employee_directory (id, name, created_date, employee_name) FROM stdin;
1	Employee	2023-07-11 01:57:00.64208+05:30	John
3	Other	\N	
4	Employee	2023-07-11 08:44:46.87067+05:30	John
5	Employee	2023-07-11 08:49:51.594608+05:30	John
6	Employee	2023-07-11 08:54:28.328933+05:30	John
7	Employee	2023-07-11 08:56:15.230169+05:30	John
8	Employee	2023-07-11 09:06:51.636969+05:30	John
9	Employee	2023-07-11 09:08:38.043381+05:30	John
10	Employee	2023-07-11 09:13:38.297271+05:30	John
11	Employee	2023-07-11 09:15:08.078065+05:30	John
12	Employee	2023-07-11 09:17:39.38546+05:30	John
13	Employee	2023-07-11 09:21:58.447254+05:30	John
14	Employee	2023-07-11 09:24:36.509188+05:30	John
15	Employee	2023-07-11 09:26:01.321492+05:30	John
16	Employee	2023-07-11 09:28:24.894819+05:30	John
17	Employee	2023-07-11 09:30:21.647912+05:30	John
18	Employee	2023-07-11 09:32:26.156302+05:30	John
20	Employee	2023-07-11 09:38:53.90971+05:30	John
2	Employee	2023-07-11 10:07:47.052881+05:30	John
21	Employee	2023-07-11 10:17:02.567584+05:30	John
22	Employee	2023-07-11 10:28:36.724848+05:30	John
23	Employee	2023-07-11 10:56:51.620367+05:30	John
\.


--
-- Data for Name: event_details; Type: TABLE DATA; Schema: public; Owner: admin
--

COPY public.event_details (id, name, created_date) FROM stdin;
1	Online recruitment	\N
2	Job fare	2023-11-06 23:01:50.548596+05:30
\.


--
-- Data for Name: experience_level; Type: TABLE DATA; Schema: public; Owner: admin
--

COPY public.experience_level (id, name) FROM stdin;
1	FRESHER
2	INTERN
3	ENTRY LEVEL
4	EXPERIENCED
\.


--
-- Data for Name: gender; Type: TABLE DATA; Schema: public; Owner: admin
--

COPY public.gender (id, name) FROM stdin;
1	Male
2	Female
\.


--
-- Data for Name: job_requisition; Type: TABLE DATA; Schema: public; Owner: admin
--

COPY public.job_requisition (id, name, created_date, status) FROM stdin;
2	Designer	2023-07-11 08:42:42.503829+05:30	1
3	Developer	2023-11-06 23:36:43.190122+05:30	1
4	Tester	2023-11-06 23:36:51.143103+05:30	1
\.


--
-- Data for Name: marital_status; Type: TABLE DATA; Schema: public; Owner: admin
--

COPY public.marital_status (id, name) FROM stdin;
1	Single
2	Married
\.


--
-- Data for Name: persona; Type: TABLE DATA; Schema: public; Owner: admin
--

COPY public.persona (id, name, created_date, status, json_deatils) FROM stdin;
1	Applicant-1	2023-07-11 01:56:47.29232+05:30	1	{"location": "willing to relocate", "education": "Btech computer science"}
2	Applicant-2	2023-07-11 08:44:41.058497+05:30	1	{"location": "willing to relocate", "education": "Btech computer science"}
3	Applicant-3	2023-07-11 08:49:51.008737+05:30	1	{"location": "willing to relocate", "education": "Btech computer science"}
4	Applicant-4	2023-07-11 08:54:28.263525+05:30	1	{"location": "willing to relocate", "education": "Btech computer science"}
5	Applicant-5	2023-07-11 08:56:15.199872+05:30	1	{"location": "willing to relocate", "education": "Btech computer science"}
6	Applicant-6	2023-07-11 09:06:50.650909+05:30	1	{"location": "willing to relocate", "education": "Btech computer science"}
7	Applicant-7	2023-07-11 09:08:37.914232+05:30	1	{"location": "willing to relocate", "education": "Btech computer science"}
8	Applicant-8	2023-07-11 09:13:38.271285+05:30	1	{"location": "willing to relocate", "education": "Btech computer science"}
9	Applicant-9	2023-07-11 09:15:08.052029+05:30	1	{"location": "willing to relocate", "education": "Btech computer science"}
10	Applicant-10	2023-07-11 09:17:39.354939+05:30	1	{"location": "willing to relocate", "education": "Btech computer science"}
11	Applicant-11	2023-07-11 09:21:58.385479+05:30	1	{"location": "willing to relocate", "education": "Btech computer science"}
12	Applicant-12	2023-07-11 09:24:36.475115+05:30	1	{"location": "willing to relocate", "education": "Btech computer science"}
14	Applicant-14	2023-07-11 09:28:24.794197+05:30	1	{"location": "willing to relocate", "education": "Btech computer science"}
15	Applicant-15	2023-07-11 09:30:21.593433+05:30	1	{"location": "willing to relocate", "education": "Btech computer science"}
16	Applicant-16	2023-07-11 09:32:26.121871+05:30	1	{"location": "willing to relocate", "education": "Btech computer science"}
18	Applicant-18	2023-07-11 09:38:53.907787+05:30	1	{"location": "willing to relocate", "education": "Btech computer science"}
13	Applicant-13	2023-07-11 10:07:47.023861+05:30	1	{"location": "willing to relocate", "education": "Btech computer science"}
19	Applicant-19	2023-07-11 10:17:02.564854+05:30	1	{"location": "willing to relocate", "education": "Btech computer science"}
20	Applicant-20	2023-07-11 10:28:36.722366+05:30	1	{"location": "willing to relocate", "education": "Btech computer science"}
21	Applicant-21	2023-07-11 10:56:51.618005+05:30	1	{"location": "willing to relocate", "education": "Btech computer science"}
\.


--
-- Data for Name: reason_for_change; Type: TABLE DATA; Schema: public; Owner: admin
--

COPY public.reason_for_change (id, reason) FROM stdin;
1	reason_for_change
2	reason_for_change
3	reason_for_change
4	reason_for_change
5	reason_for_change
6	reason_for_change
7	reason_for_change
8	reason_for_change
9	reason_for_change
11	reason_for_change
12	reason_for_change
13	reason_for_change
15	reason_for_change
10	not specified
16	reason_for_change
17	reason_for_change
18	reason_for_change
\.


--
-- Data for Name: screening_mode; Type: TABLE DATA; Schema: public; Owner: admin
--

COPY public.screening_mode (id, name, created_date, status) FROM stdin;
2	First level	2023-07-11 08:38:21.01384+05:30	1
3	Second level	2023-11-06 23:35:30.314779+05:30	1
4	Third level	2023-11-06 23:35:30.314779+05:30	1
\.


--
-- Data for Name: source; Type: TABLE DATA; Schema: public; Owner: admin
--

COPY public.source (id, name, source_type) FROM stdin;
1	Test	\N
2	Other	\N
3	Indeed	\N
4	linkedln	\N
\.


--
-- Data for Name: source_type; Type: TABLE DATA; Schema: public; Owner: admin
--

COPY public.source_type (id, name) FROM stdin;
1	Person
2	Electronic
\.


--
-- Name: CandidateDirectory_id_seq; Type: SEQUENCE SET; Schema: public; Owner: admin
--

SELECT pg_catalog.setval('public."CandidateDirectory_id_seq"', 22, true);


--
-- Name: auth_group_id_seq; Type: SEQUENCE SET; Schema: public; Owner: admin
--

SELECT pg_catalog.setval('public.auth_group_id_seq', 1, false);


--
-- Name: auth_group_permissions_id_seq; Type: SEQUENCE SET; Schema: public; Owner: admin
--

SELECT pg_catalog.setval('public.auth_group_permissions_id_seq', 1, false);


--
-- Name: auth_permission_id_seq; Type: SEQUENCE SET; Schema: public; Owner: admin
--

SELECT pg_catalog.setval('public.auth_permission_id_seq', 92, true);


--
-- Name: auth_user_groups_id_seq; Type: SEQUENCE SET; Schema: public; Owner: admin
--

SELECT pg_catalog.setval('public.auth_user_groups_id_seq', 1, false);


--
-- Name: auth_user_id_seq; Type: SEQUENCE SET; Schema: public; Owner: admin
--

SELECT pg_catalog.setval('public.auth_user_id_seq', 1, true);


--
-- Name: auth_user_user_permissions_id_seq; Type: SEQUENCE SET; Schema: public; Owner: admin
--

SELECT pg_catalog.setval('public.auth_user_user_permissions_id_seq', 1, false);


--
-- Name: city_id_seq; Type: SEQUENCE SET; Schema: public; Owner: admin
--

SELECT pg_catalog.setval('public.city_id_seq', 1, false);


--
-- Name: django_admin_log_id_seq; Type: SEQUENCE SET; Schema: public; Owner: admin
--

SELECT pg_catalog.setval('public.django_admin_log_id_seq', 1, false);


--
-- Name: django_content_type_id_seq; Type: SEQUENCE SET; Schema: public; Owner: admin
--

SELECT pg_catalog.setval('public.django_content_type_id_seq', 23, true);


--
-- Name: django_migrations_id_seq; Type: SEQUENCE SET; Schema: public; Owner: admin
--

SELECT pg_catalog.setval('public.django_migrations_id_seq', 20, true);


--
-- Name: education_institution_id_seq; Type: SEQUENCE SET; Schema: public; Owner: admin
--

SELECT pg_catalog.setval('public.education_institution_id_seq', 3, true);


--
-- Name: education_level_id_seq; Type: SEQUENCE SET; Schema: public; Owner: admin
--

SELECT pg_catalog.setval('public.education_level_id_seq', 2, true);


--
-- Name: education_qualification_id_seq; Type: SEQUENCE SET; Schema: public; Owner: admin
--

SELECT pg_catalog.setval('public.education_qualification_id_seq', 4, true);


--
-- Name: education_specialization_id_seq; Type: SEQUENCE SET; Schema: public; Owner: admin
--

SELECT pg_catalog.setval('public.education_specialization_id_seq', 4, true);


--
-- Name: employee_directory_id_seq; Type: SEQUENCE SET; Schema: public; Owner: admin
--

SELECT pg_catalog.setval('public.employee_directory_id_seq', 23, true);


--
-- Name: event_details_id_seq; Type: SEQUENCE SET; Schema: public; Owner: admin
--

SELECT pg_catalog.setval('public.event_details_id_seq', 2, true);


--
-- Name: experience_level_id_seq; Type: SEQUENCE SET; Schema: public; Owner: admin
--

SELECT pg_catalog.setval('public.experience_level_id_seq', 4, true);


--
-- Name: gender_id_seq; Type: SEQUENCE SET; Schema: public; Owner: admin
--

SELECT pg_catalog.setval('public.gender_id_seq', 2, true);


--
-- Name: job_requisition_id_seq; Type: SEQUENCE SET; Schema: public; Owner: admin
--

SELECT pg_catalog.setval('public.job_requisition_id_seq', 4, true);


--
-- Name: marital_status_id_seq; Type: SEQUENCE SET; Schema: public; Owner: admin
--

SELECT pg_catalog.setval('public.marital_status_id_seq', 2, true);


--
-- Name: persona_id_seq; Type: SEQUENCE SET; Schema: public; Owner: admin
--

SELECT pg_catalog.setval('public.persona_id_seq', 21, true);


--
-- Name: reason_for_change_id_seq; Type: SEQUENCE SET; Schema: public; Owner: admin
--

SELECT pg_catalog.setval('public.reason_for_change_id_seq', 18, true);


--
-- Name: screening_mode_id_seq; Type: SEQUENCE SET; Schema: public; Owner: admin
--

SELECT pg_catalog.setval('public.screening_mode_id_seq', 4, true);


--
-- Name: source_id_seq; Type: SEQUENCE SET; Schema: public; Owner: admin
--

SELECT pg_catalog.setval('public.source_id_seq', 4, true);


--
-- Name: source_type_id_seq; Type: SEQUENCE SET; Schema: public; Owner: admin
--

SELECT pg_catalog.setval('public.source_type_id_seq', 2, true);


--
-- Name: CandidateDirectory CandidateDirectory_pkey; Type: CONSTRAINT; Schema: public; Owner: admin
--

ALTER TABLE ONLY public."CandidateDirectory"
    ADD CONSTRAINT "CandidateDirectory_pkey" PRIMARY KEY (id);


--
-- Name: auth_group auth_group_name_key; Type: CONSTRAINT; Schema: public; Owner: admin
--

ALTER TABLE ONLY public.auth_group
    ADD CONSTRAINT auth_group_name_key UNIQUE (name);


--
-- Name: auth_group_permissions auth_group_permissions_group_id_permission_id_0cd325b0_uniq; Type: CONSTRAINT; Schema: public; Owner: admin
--

ALTER TABLE ONLY public.auth_group_permissions
    ADD CONSTRAINT auth_group_permissions_group_id_permission_id_0cd325b0_uniq UNIQUE (group_id, permission_id);


--
-- Name: auth_group_permissions auth_group_permissions_pkey; Type: CONSTRAINT; Schema: public; Owner: admin
--

ALTER TABLE ONLY public.auth_group_permissions
    ADD CONSTRAINT auth_group_permissions_pkey PRIMARY KEY (id);


--
-- Name: auth_group auth_group_pkey; Type: CONSTRAINT; Schema: public; Owner: admin
--

ALTER TABLE ONLY public.auth_group
    ADD CONSTRAINT auth_group_pkey PRIMARY KEY (id);


--
-- Name: auth_permission auth_permission_content_type_id_codename_01ab375a_uniq; Type: CONSTRAINT; Schema: public; Owner: admin
--

ALTER TABLE ONLY public.auth_permission
    ADD CONSTRAINT auth_permission_content_type_id_codename_01ab375a_uniq UNIQUE (content_type_id, codename);


--
-- Name: auth_permission auth_permission_pkey; Type: CONSTRAINT; Schema: public; Owner: admin
--

ALTER TABLE ONLY public.auth_permission
    ADD CONSTRAINT auth_permission_pkey PRIMARY KEY (id);


--
-- Name: auth_user_groups auth_user_groups_pkey; Type: CONSTRAINT; Schema: public; Owner: admin
--

ALTER TABLE ONLY public.auth_user_groups
    ADD CONSTRAINT auth_user_groups_pkey PRIMARY KEY (id);


--
-- Name: auth_user_groups auth_user_groups_user_id_group_id_94350c0c_uniq; Type: CONSTRAINT; Schema: public; Owner: admin
--

ALTER TABLE ONLY public.auth_user_groups
    ADD CONSTRAINT auth_user_groups_user_id_group_id_94350c0c_uniq UNIQUE (user_id, group_id);


--
-- Name: auth_user auth_user_pkey; Type: CONSTRAINT; Schema: public; Owner: admin
--

ALTER TABLE ONLY public.auth_user
    ADD CONSTRAINT auth_user_pkey PRIMARY KEY (id);


--
-- Name: auth_user_user_permissions auth_user_user_permissions_pkey; Type: CONSTRAINT; Schema: public; Owner: admin
--

ALTER TABLE ONLY public.auth_user_user_permissions
    ADD CONSTRAINT auth_user_user_permissions_pkey PRIMARY KEY (id);


--
-- Name: auth_user_user_permissions auth_user_user_permissions_user_id_permission_id_14a6b632_uniq; Type: CONSTRAINT; Schema: public; Owner: admin
--

ALTER TABLE ONLY public.auth_user_user_permissions
    ADD CONSTRAINT auth_user_user_permissions_user_id_permission_id_14a6b632_uniq UNIQUE (user_id, permission_id);


--
-- Name: auth_user auth_user_username_key; Type: CONSTRAINT; Schema: public; Owner: admin
--

ALTER TABLE ONLY public.auth_user
    ADD CONSTRAINT auth_user_username_key UNIQUE (username);


--
-- Name: city city_pkey; Type: CONSTRAINT; Schema: public; Owner: admin
--

ALTER TABLE ONLY public.city
    ADD CONSTRAINT city_pkey PRIMARY KEY (id);


--
-- Name: django_admin_log django_admin_log_pkey; Type: CONSTRAINT; Schema: public; Owner: admin
--

ALTER TABLE ONLY public.django_admin_log
    ADD CONSTRAINT django_admin_log_pkey PRIMARY KEY (id);


--
-- Name: django_content_type django_content_type_app_label_model_76bd3d3b_uniq; Type: CONSTRAINT; Schema: public; Owner: admin
--

ALTER TABLE ONLY public.django_content_type
    ADD CONSTRAINT django_content_type_app_label_model_76bd3d3b_uniq UNIQUE (app_label, model);


--
-- Name: django_content_type django_content_type_pkey; Type: CONSTRAINT; Schema: public; Owner: admin
--

ALTER TABLE ONLY public.django_content_type
    ADD CONSTRAINT django_content_type_pkey PRIMARY KEY (id);


--
-- Name: django_migrations django_migrations_pkey; Type: CONSTRAINT; Schema: public; Owner: admin
--

ALTER TABLE ONLY public.django_migrations
    ADD CONSTRAINT django_migrations_pkey PRIMARY KEY (id);


--
-- Name: django_session django_session_pkey; Type: CONSTRAINT; Schema: public; Owner: admin
--

ALTER TABLE ONLY public.django_session
    ADD CONSTRAINT django_session_pkey PRIMARY KEY (session_key);


--
-- Name: education_institution education_institution_pkey; Type: CONSTRAINT; Schema: public; Owner: admin
--

ALTER TABLE ONLY public.education_institution
    ADD CONSTRAINT education_institution_pkey PRIMARY KEY (id);


--
-- Name: education_level education_level_pkey; Type: CONSTRAINT; Schema: public; Owner: admin
--

ALTER TABLE ONLY public.education_level
    ADD CONSTRAINT education_level_pkey PRIMARY KEY (id);


--
-- Name: education_qualification education_qualification_pkey; Type: CONSTRAINT; Schema: public; Owner: admin
--

ALTER TABLE ONLY public.education_qualification
    ADD CONSTRAINT education_qualification_pkey PRIMARY KEY (id);


--
-- Name: education_specialization education_specialization_pkey; Type: CONSTRAINT; Schema: public; Owner: admin
--

ALTER TABLE ONLY public.education_specialization
    ADD CONSTRAINT education_specialization_pkey PRIMARY KEY (id);


--
-- Name: employee_directory employee_directory_pkey; Type: CONSTRAINT; Schema: public; Owner: admin
--

ALTER TABLE ONLY public.employee_directory
    ADD CONSTRAINT employee_directory_pkey PRIMARY KEY (id);


--
-- Name: event_details event_details_pkey; Type: CONSTRAINT; Schema: public; Owner: admin
--

ALTER TABLE ONLY public.event_details
    ADD CONSTRAINT event_details_pkey PRIMARY KEY (id);


--
-- Name: experience_level experience_level_pkey; Type: CONSTRAINT; Schema: public; Owner: admin
--

ALTER TABLE ONLY public.experience_level
    ADD CONSTRAINT experience_level_pkey PRIMARY KEY (id);


--
-- Name: CandidateDirectory full_name; Type: CONSTRAINT; Schema: public; Owner: admin
--

ALTER TABLE ONLY public."CandidateDirectory"
    ADD CONSTRAINT full_name UNIQUE (first_name, last_name);


--
-- Name: gender gender_pkey; Type: CONSTRAINT; Schema: public; Owner: admin
--

ALTER TABLE ONLY public.gender
    ADD CONSTRAINT gender_pkey PRIMARY KEY (id);


--
-- Name: job_requisition job_requisition_pkey; Type: CONSTRAINT; Schema: public; Owner: admin
--

ALTER TABLE ONLY public.job_requisition
    ADD CONSTRAINT job_requisition_pkey PRIMARY KEY (id);


--
-- Name: marital_status marital_status_pkey; Type: CONSTRAINT; Schema: public; Owner: admin
--

ALTER TABLE ONLY public.marital_status
    ADD CONSTRAINT marital_status_pkey PRIMARY KEY (id);


--
-- Name: persona persona_pkey; Type: CONSTRAINT; Schema: public; Owner: admin
--

ALTER TABLE ONLY public.persona
    ADD CONSTRAINT persona_pkey PRIMARY KEY (id);


--
-- Name: reason_for_change reason_for_change_pkey; Type: CONSTRAINT; Schema: public; Owner: admin
--

ALTER TABLE ONLY public.reason_for_change
    ADD CONSTRAINT reason_for_change_pkey PRIMARY KEY (id);


--
-- Name: screening_mode screening_mode_pkey; Type: CONSTRAINT; Schema: public; Owner: admin
--

ALTER TABLE ONLY public.screening_mode
    ADD CONSTRAINT screening_mode_pkey PRIMARY KEY (id);


--
-- Name: source source_pkey; Type: CONSTRAINT; Schema: public; Owner: admin
--

ALTER TABLE ONLY public.source
    ADD CONSTRAINT source_pkey PRIMARY KEY (id);


--
-- Name: source_type source_type_pkey; Type: CONSTRAINT; Schema: public; Owner: admin
--

ALTER TABLE ONLY public.source_type
    ADD CONSTRAINT source_type_pkey PRIMARY KEY (id);


--
-- Name: CandidateDirectory_city_4d0c83ec; Type: INDEX; Schema: public; Owner: admin
--

CREATE INDEX "CandidateDirectory_city_4d0c83ec" ON public."CandidateDirectory" USING btree (city);


--
-- Name: CandidateDirectory_education_institution_86478bdd; Type: INDEX; Schema: public; Owner: admin
--

CREATE INDEX "CandidateDirectory_education_institution_86478bdd" ON public."CandidateDirectory" USING btree (education_institution);


--
-- Name: CandidateDirectory_education_level_bf7eefa0; Type: INDEX; Schema: public; Owner: admin
--

CREATE INDEX "CandidateDirectory_education_level_bf7eefa0" ON public."CandidateDirectory" USING btree (education_level);


--
-- Name: CandidateDirectory_education_qualification_ef1439c1; Type: INDEX; Schema: public; Owner: admin
--

CREATE INDEX "CandidateDirectory_education_qualification_ef1439c1" ON public."CandidateDirectory" USING btree (education_qualification);


--
-- Name: CandidateDirectory_education_specialization_61239b9e; Type: INDEX; Schema: public; Owner: admin
--

CREATE INDEX "CandidateDirectory_education_specialization_61239b9e" ON public."CandidateDirectory" USING btree (education_specialization);


--
-- Name: CandidateDirectory_event_f94a128f; Type: INDEX; Schema: public; Owner: admin
--

CREATE INDEX "CandidateDirectory_event_f94a128f" ON public."CandidateDirectory" USING btree (event);


--
-- Name: CandidateDirectory_experience_level_a6a2bff4; Type: INDEX; Schema: public; Owner: admin
--

CREATE INDEX "CandidateDirectory_experience_level_a6a2bff4" ON public."CandidateDirectory" USING btree (experience_level);


--
-- Name: CandidateDirectory_gender_fa80c0d6; Type: INDEX; Schema: public; Owner: admin
--

CREATE INDEX "CandidateDirectory_gender_fa80c0d6" ON public."CandidateDirectory" USING btree (gender);


--
-- Name: CandidateDirectory_job_position_47588905; Type: INDEX; Schema: public; Owner: admin
--

CREATE INDEX "CandidateDirectory_job_position_47588905" ON public."CandidateDirectory" USING btree (job_position);


--
-- Name: CandidateDirectory_marital_status_ba7283ad; Type: INDEX; Schema: public; Owner: admin
--

CREATE INDEX "CandidateDirectory_marital_status_ba7283ad" ON public."CandidateDirectory" USING btree (marital_status);


--
-- Name: CandidateDirectory_persona_3da8c8a9; Type: INDEX; Schema: public; Owner: admin
--

CREATE INDEX "CandidateDirectory_persona_3da8c8a9" ON public."CandidateDirectory" USING btree (persona);


--
-- Name: CandidateDirectory_reason_for_change_f038cd8a; Type: INDEX; Schema: public; Owner: admin
--

CREATE INDEX "CandidateDirectory_reason_for_change_f038cd8a" ON public."CandidateDirectory" USING btree (reason_for_change);


--
-- Name: CandidateDirectory_referred_by_6fdf4c66; Type: INDEX; Schema: public; Owner: admin
--

CREATE INDEX "CandidateDirectory_referred_by_6fdf4c66" ON public."CandidateDirectory" USING btree (referred_by);


--
-- Name: CandidateDirectory_screening_mode_50953e04; Type: INDEX; Schema: public; Owner: admin
--

CREATE INDEX "CandidateDirectory_screening_mode_50953e04" ON public."CandidateDirectory" USING btree (screening_mode);


--
-- Name: CandidateDirectory_source_33bce4a2; Type: INDEX; Schema: public; Owner: admin
--

CREATE INDEX "CandidateDirectory_source_33bce4a2" ON public."CandidateDirectory" USING btree (source);


--
-- Name: CandidateDirectory_source_type_0302e782; Type: INDEX; Schema: public; Owner: admin
--

CREATE INDEX "CandidateDirectory_source_type_0302e782" ON public."CandidateDirectory" USING btree (source_type);


--
-- Name: auth_group_name_a6ea08ec_like; Type: INDEX; Schema: public; Owner: admin
--

CREATE INDEX auth_group_name_a6ea08ec_like ON public.auth_group USING btree (name varchar_pattern_ops);


--
-- Name: auth_group_permissions_group_id_b120cbf9; Type: INDEX; Schema: public; Owner: admin
--

CREATE INDEX auth_group_permissions_group_id_b120cbf9 ON public.auth_group_permissions USING btree (group_id);


--
-- Name: auth_group_permissions_permission_id_84c5c92e; Type: INDEX; Schema: public; Owner: admin
--

CREATE INDEX auth_group_permissions_permission_id_84c5c92e ON public.auth_group_permissions USING btree (permission_id);


--
-- Name: auth_permission_content_type_id_2f476e4b; Type: INDEX; Schema: public; Owner: admin
--

CREATE INDEX auth_permission_content_type_id_2f476e4b ON public.auth_permission USING btree (content_type_id);


--
-- Name: auth_user_groups_group_id_97559544; Type: INDEX; Schema: public; Owner: admin
--

CREATE INDEX auth_user_groups_group_id_97559544 ON public.auth_user_groups USING btree (group_id);


--
-- Name: auth_user_groups_user_id_6a12ed8b; Type: INDEX; Schema: public; Owner: admin
--

CREATE INDEX auth_user_groups_user_id_6a12ed8b ON public.auth_user_groups USING btree (user_id);


--
-- Name: auth_user_user_permissions_permission_id_1fbb5f2c; Type: INDEX; Schema: public; Owner: admin
--

CREATE INDEX auth_user_user_permissions_permission_id_1fbb5f2c ON public.auth_user_user_permissions USING btree (permission_id);


--
-- Name: auth_user_user_permissions_user_id_a95ead1b; Type: INDEX; Schema: public; Owner: admin
--

CREATE INDEX auth_user_user_permissions_user_id_a95ead1b ON public.auth_user_user_permissions USING btree (user_id);


--
-- Name: auth_user_username_6821ab7c_like; Type: INDEX; Schema: public; Owner: admin
--

CREATE INDEX auth_user_username_6821ab7c_like ON public.auth_user USING btree (username varchar_pattern_ops);


--
-- Name: django_admin_log_content_type_id_c4bce8eb; Type: INDEX; Schema: public; Owner: admin
--

CREATE INDEX django_admin_log_content_type_id_c4bce8eb ON public.django_admin_log USING btree (content_type_id);


--
-- Name: django_admin_log_user_id_c564eba6; Type: INDEX; Schema: public; Owner: admin
--

CREATE INDEX django_admin_log_user_id_c564eba6 ON public.django_admin_log USING btree (user_id);


--
-- Name: django_session_expire_date_a5c62663; Type: INDEX; Schema: public; Owner: admin
--

CREATE INDEX django_session_expire_date_a5c62663 ON public.django_session USING btree (expire_date);


--
-- Name: django_session_session_key_c0390e0f_like; Type: INDEX; Schema: public; Owner: admin
--

CREATE INDEX django_session_session_key_c0390e0f_like ON public.django_session USING btree (session_key varchar_pattern_ops);


--
-- Name: source_source_type_8669555e; Type: INDEX; Schema: public; Owner: admin
--

CREATE INDEX source_source_type_8669555e ON public.source USING btree (source_type);


--
-- Name: CandidateDirectory CandidateDirectory_city_4d0c83ec_fk_city_id; Type: FK CONSTRAINT; Schema: public; Owner: admin
--

ALTER TABLE ONLY public."CandidateDirectory"
    ADD CONSTRAINT "CandidateDirectory_city_4d0c83ec_fk_city_id" FOREIGN KEY (city) REFERENCES public.city(id) DEFERRABLE INITIALLY DEFERRED;


--
-- Name: CandidateDirectory CandidateDirectory_education_institutio_86478bdd_fk_education; Type: FK CONSTRAINT; Schema: public; Owner: admin
--

ALTER TABLE ONLY public."CandidateDirectory"
    ADD CONSTRAINT "CandidateDirectory_education_institutio_86478bdd_fk_education" FOREIGN KEY (education_institution) REFERENCES public.education_institution(id) DEFERRABLE INITIALLY DEFERRED;


--
-- Name: CandidateDirectory CandidateDirectory_education_level_bf7eefa0_fk_education; Type: FK CONSTRAINT; Schema: public; Owner: admin
--

ALTER TABLE ONLY public."CandidateDirectory"
    ADD CONSTRAINT "CandidateDirectory_education_level_bf7eefa0_fk_education" FOREIGN KEY (education_level) REFERENCES public.education_level(id) DEFERRABLE INITIALLY DEFERRED;


--
-- Name: CandidateDirectory CandidateDirectory_education_qualificat_ef1439c1_fk_education; Type: FK CONSTRAINT; Schema: public; Owner: admin
--

ALTER TABLE ONLY public."CandidateDirectory"
    ADD CONSTRAINT "CandidateDirectory_education_qualificat_ef1439c1_fk_education" FOREIGN KEY (education_qualification) REFERENCES public.education_qualification(id) DEFERRABLE INITIALLY DEFERRED;


--
-- Name: CandidateDirectory CandidateDirectory_education_specializa_61239b9e_fk_education; Type: FK CONSTRAINT; Schema: public; Owner: admin
--

ALTER TABLE ONLY public."CandidateDirectory"
    ADD CONSTRAINT "CandidateDirectory_education_specializa_61239b9e_fk_education" FOREIGN KEY (education_specialization) REFERENCES public.education_specialization(id) DEFERRABLE INITIALLY DEFERRED;


--
-- Name: CandidateDirectory CandidateDirectory_event_f94a128f_fk_event_details_id; Type: FK CONSTRAINT; Schema: public; Owner: admin
--

ALTER TABLE ONLY public."CandidateDirectory"
    ADD CONSTRAINT "CandidateDirectory_event_f94a128f_fk_event_details_id" FOREIGN KEY (event) REFERENCES public.event_details(id) DEFERRABLE INITIALLY DEFERRED;


--
-- Name: CandidateDirectory CandidateDirectory_experience_level_a6a2bff4_fk_experienc; Type: FK CONSTRAINT; Schema: public; Owner: admin
--

ALTER TABLE ONLY public."CandidateDirectory"
    ADD CONSTRAINT "CandidateDirectory_experience_level_a6a2bff4_fk_experienc" FOREIGN KEY (experience_level) REFERENCES public.experience_level(id) DEFERRABLE INITIALLY DEFERRED;


--
-- Name: CandidateDirectory CandidateDirectory_gender_fa80c0d6_fk_gender_id; Type: FK CONSTRAINT; Schema: public; Owner: admin
--

ALTER TABLE ONLY public."CandidateDirectory"
    ADD CONSTRAINT "CandidateDirectory_gender_fa80c0d6_fk_gender_id" FOREIGN KEY (gender) REFERENCES public.gender(id) DEFERRABLE INITIALLY DEFERRED;


--
-- Name: CandidateDirectory CandidateDirectory_job_position_47588905_fk_job_requisition_id; Type: FK CONSTRAINT; Schema: public; Owner: admin
--

ALTER TABLE ONLY public."CandidateDirectory"
    ADD CONSTRAINT "CandidateDirectory_job_position_47588905_fk_job_requisition_id" FOREIGN KEY (job_position) REFERENCES public.job_requisition(id) DEFERRABLE INITIALLY DEFERRED;


--
-- Name: CandidateDirectory CandidateDirectory_marital_status_ba7283ad_fk_marital_status_id; Type: FK CONSTRAINT; Schema: public; Owner: admin
--

ALTER TABLE ONLY public."CandidateDirectory"
    ADD CONSTRAINT "CandidateDirectory_marital_status_ba7283ad_fk_marital_status_id" FOREIGN KEY (marital_status) REFERENCES public.marital_status(id) DEFERRABLE INITIALLY DEFERRED;


--
-- Name: CandidateDirectory CandidateDirectory_persona_3da8c8a9_fk_persona_id; Type: FK CONSTRAINT; Schema: public; Owner: admin
--

ALTER TABLE ONLY public."CandidateDirectory"
    ADD CONSTRAINT "CandidateDirectory_persona_3da8c8a9_fk_persona_id" FOREIGN KEY (persona) REFERENCES public.persona(id) DEFERRABLE INITIALLY DEFERRED;


--
-- Name: CandidateDirectory CandidateDirectory_reason_for_change_f038cd8a_fk_reason_fo; Type: FK CONSTRAINT; Schema: public; Owner: admin
--

ALTER TABLE ONLY public."CandidateDirectory"
    ADD CONSTRAINT "CandidateDirectory_reason_for_change_f038cd8a_fk_reason_fo" FOREIGN KEY (reason_for_change) REFERENCES public.reason_for_change(id) DEFERRABLE INITIALLY DEFERRED;


--
-- Name: CandidateDirectory CandidateDirectory_referred_by_6fdf4c66_fk_employee_; Type: FK CONSTRAINT; Schema: public; Owner: admin
--

ALTER TABLE ONLY public."CandidateDirectory"
    ADD CONSTRAINT "CandidateDirectory_referred_by_6fdf4c66_fk_employee_" FOREIGN KEY (referred_by) REFERENCES public.employee_directory(id) DEFERRABLE INITIALLY DEFERRED;


--
-- Name: CandidateDirectory CandidateDirectory_screening_mode_50953e04_fk_screening_mode_id; Type: FK CONSTRAINT; Schema: public; Owner: admin
--

ALTER TABLE ONLY public."CandidateDirectory"
    ADD CONSTRAINT "CandidateDirectory_screening_mode_50953e04_fk_screening_mode_id" FOREIGN KEY (screening_mode) REFERENCES public.screening_mode(id) DEFERRABLE INITIALLY DEFERRED;


--
-- Name: CandidateDirectory CandidateDirectory_source_33bce4a2_fk_source_id; Type: FK CONSTRAINT; Schema: public; Owner: admin
--

ALTER TABLE ONLY public."CandidateDirectory"
    ADD CONSTRAINT "CandidateDirectory_source_33bce4a2_fk_source_id" FOREIGN KEY (source) REFERENCES public.source(id) DEFERRABLE INITIALLY DEFERRED;


--
-- Name: CandidateDirectory CandidateDirectory_source_type_0302e782_fk_source_type_id; Type: FK CONSTRAINT; Schema: public; Owner: admin
--

ALTER TABLE ONLY public."CandidateDirectory"
    ADD CONSTRAINT "CandidateDirectory_source_type_0302e782_fk_source_type_id" FOREIGN KEY (source_type) REFERENCES public.source_type(id) DEFERRABLE INITIALLY DEFERRED;


--
-- Name: auth_group_permissions auth_group_permissio_permission_id_84c5c92e_fk_auth_perm; Type: FK CONSTRAINT; Schema: public; Owner: admin
--

ALTER TABLE ONLY public.auth_group_permissions
    ADD CONSTRAINT auth_group_permissio_permission_id_84c5c92e_fk_auth_perm FOREIGN KEY (permission_id) REFERENCES public.auth_permission(id) DEFERRABLE INITIALLY DEFERRED;


--
-- Name: auth_group_permissions auth_group_permissions_group_id_b120cbf9_fk_auth_group_id; Type: FK CONSTRAINT; Schema: public; Owner: admin
--

ALTER TABLE ONLY public.auth_group_permissions
    ADD CONSTRAINT auth_group_permissions_group_id_b120cbf9_fk_auth_group_id FOREIGN KEY (group_id) REFERENCES public.auth_group(id) DEFERRABLE INITIALLY DEFERRED;


--
-- Name: auth_permission auth_permission_content_type_id_2f476e4b_fk_django_co; Type: FK CONSTRAINT; Schema: public; Owner: admin
--

ALTER TABLE ONLY public.auth_permission
    ADD CONSTRAINT auth_permission_content_type_id_2f476e4b_fk_django_co FOREIGN KEY (content_type_id) REFERENCES public.django_content_type(id) DEFERRABLE INITIALLY DEFERRED;


--
-- Name: auth_user_groups auth_user_groups_group_id_97559544_fk_auth_group_id; Type: FK CONSTRAINT; Schema: public; Owner: admin
--

ALTER TABLE ONLY public.auth_user_groups
    ADD CONSTRAINT auth_user_groups_group_id_97559544_fk_auth_group_id FOREIGN KEY (group_id) REFERENCES public.auth_group(id) DEFERRABLE INITIALLY DEFERRED;


--
-- Name: auth_user_groups auth_user_groups_user_id_6a12ed8b_fk_auth_user_id; Type: FK CONSTRAINT; Schema: public; Owner: admin
--

ALTER TABLE ONLY public.auth_user_groups
    ADD CONSTRAINT auth_user_groups_user_id_6a12ed8b_fk_auth_user_id FOREIGN KEY (user_id) REFERENCES public.auth_user(id) DEFERRABLE INITIALLY DEFERRED;


--
-- Name: auth_user_user_permissions auth_user_user_permi_permission_id_1fbb5f2c_fk_auth_perm; Type: FK CONSTRAINT; Schema: public; Owner: admin
--

ALTER TABLE ONLY public.auth_user_user_permissions
    ADD CONSTRAINT auth_user_user_permi_permission_id_1fbb5f2c_fk_auth_perm FOREIGN KEY (permission_id) REFERENCES public.auth_permission(id) DEFERRABLE INITIALLY DEFERRED;


--
-- Name: auth_user_user_permissions auth_user_user_permissions_user_id_a95ead1b_fk_auth_user_id; Type: FK CONSTRAINT; Schema: public; Owner: admin
--

ALTER TABLE ONLY public.auth_user_user_permissions
    ADD CONSTRAINT auth_user_user_permissions_user_id_a95ead1b_fk_auth_user_id FOREIGN KEY (user_id) REFERENCES public.auth_user(id) DEFERRABLE INITIALLY DEFERRED;


--
-- Name: django_admin_log django_admin_log_content_type_id_c4bce8eb_fk_django_co; Type: FK CONSTRAINT; Schema: public; Owner: admin
--

ALTER TABLE ONLY public.django_admin_log
    ADD CONSTRAINT django_admin_log_content_type_id_c4bce8eb_fk_django_co FOREIGN KEY (content_type_id) REFERENCES public.django_content_type(id) DEFERRABLE INITIALLY DEFERRED;


--
-- Name: django_admin_log django_admin_log_user_id_c564eba6_fk_auth_user_id; Type: FK CONSTRAINT; Schema: public; Owner: admin
--

ALTER TABLE ONLY public.django_admin_log
    ADD CONSTRAINT django_admin_log_user_id_c564eba6_fk_auth_user_id FOREIGN KEY (user_id) REFERENCES public.auth_user(id) DEFERRABLE INITIALLY DEFERRED;


--
-- Name: source source_source_type_8669555e_fk_source_type_id; Type: FK CONSTRAINT; Schema: public; Owner: admin
--

ALTER TABLE ONLY public.source
    ADD CONSTRAINT source_source_type_8669555e_fk_source_type_id FOREIGN KEY (source_type) REFERENCES public.source_type(id) DEFERRABLE INITIALLY DEFERRED;


--
-- PostgreSQL database dump complete
--

